Source_File,Original_Index,Predicted_Class,Probability,Chinese_Data
predictions3.csv,14,1,0.8103886,灵芝 天南星
predictions3.csv,17,1,0.8325661,侧柏叶 龙胆
predictions3.csv,47,1,0.8896657,白前 香加皮
predictions4.csv,47,1,0.9754847,卷柏 紫草
predictions4.csv,63,1,0.87818027,白鲜皮 番泻叶
predictions6.csv,40,1,0.9939101,车前草 灯心草
predictions6.csv,50,1,0.9335712,半夏 黄精
predictions6.csv,69,1,0.8309912,穿山龙 莲子心
predictions6.csv,72,1,0.93045557,芥子 香加皮
predictions7.csv,39,1,0.8405666,金果榄 芦荟
predictions7.csv,45,1,0.82427883,厚朴 枇杷叶
predictions8.csv,23,1,0.8276395,覆盆子 杠板归
predictions10.csv,50,1,0.94204277,龙眼肉 牛膝
predictions10.csv,74,1,0.9028223,槐角 水飞蓟
predictions12.csv,35,1,0.9028602,黑芝麻 黄连
predictions13.csv,18,1,0.91094744,石菖蒲 郁李仁
predictions13.csv,39,1,0.876818,沉香 芦荟
predictions13.csv,50,1,0.9878682,枸杞子 五味子
predictions14.csv,5,1,0.9703579,百部 红景天
predictions15.csv,4,1,0.836422,山慈菇 水飞蓟
predictions15.csv,62,1,0.9953419,杠板归 酸枣仁
predictions16.csv,56,1,0.8454309,合欢皮 罂粟壳
predictions17.csv,11,1,0.83882844,枸杞子 鸡血藤
predictions17.csv,35,1,0.92484015,红花 三白草
predictions17.csv,70,1,0.8903449,当药 柿蒂
predictions17.csv,73,1,0.85836595,安息香 藁本
predictions17.csv,87,1,0.83882844,南五味子 青叶胆
predictions18.csv,60,1,0.81721795,青葙子 山豆根
predictions19.csv,7,1,0.8005521,川乌 棕榈
predictions19.csv,37,1,0.96972376,茜草 远志
predictions19.csv,44,1,0.881746,香橼 紫苏叶
predictions19.csv,66,1,0.91161823,安息香 丝瓜络
predictions20.csv,12,1,0.8328593,三颗针 锁阳
predictions20.csv,39,1,0.9525829,萹蓄 蛇床子
predictions20.csv,60,1,0.96661115,板蓝根 天冬
predictions21.csv,17,1,0.8712269,苦楝皮 栀子
predictions23.csv,16,1,0.9526199,大枣 五加皮
predictions23.csv,82,1,0.9526199,降香 芦根
predictions24.csv,36,1,0.9995555,九里香 紫草
predictions24.csv,41,1,0.85043037,亚麻子 浙贝母
predictions24.csv,82,1,0.95052063,百部 合欢花
predictions25.csv,48,1,0.80677116,黄连 檀香
predictions26.csv,39,1,0.99928635,榼藤子 紫菀
predictions27.csv,12,1,0.8487529,玄参 竹茹
predictions29.csv,71,1,0.8481265,桔梗 紫花地丁
predictions30.csv,40,1,0.98763704,淡竹叶 金钱草
predictions30.csv,42,1,0.80250055,青皮 桃仁
predictions30.csv,46,1,0.80250055,芦荟 旋覆花
predictions30.csv,49,1,0.96973026,荜茇 四季青
predictions31.csv,57,1,0.96325356,百合 射干
predictions31.csv,85,1,0.8416224,百部 野木瓜
predictions32.csv,9,1,0.84911245,马齿苋 砂仁
predictions33.csv,18,1,0.9657867,苦楝皮 两面针
predictions33.csv,57,1,0.9657867,大血藤 芫花
predictions33.csv,58,1,0.8725859,半夏 槐角
predictions34.csv,3,1,0.9096774,大蒜 细辛
predictions34.csv,11,1,0.94126254,天竺黄 鱼腥草
predictions34.csv,32,1,0.9096774,化橘红 南鹤虱
predictions36.csv,67,1,0.81915474,天麻 珠子参
predictions37.csv,82,1,0.93034035,昆布 罂粟壳
predictions38.csv,78,1,0.8295385,诃子 马勃
predictions39.csv,48,1,0.9460754,莱菔子 西洋参
predictions39.csv,50,1,0.8899448,菝葜 千里光
predictions39.csv,97,1,0.8488943,荆芥 紫草
predictions40.csv,12,1,0.92949665,胡椒 卷柏
predictions40.csv,51,1,0.94764566,党参 海金沙
predictions40.csv,74,1,0.96138346,火麻仁 橘核
predictions41.csv,22,1,0.9175024,地骨皮 延胡索
predictions41.csv,37,1,0.9457756,鸡血藤 益母草
predictions41.csv,53,1,0.88950765,胡黄连 青葙子
predictions41.csv,70,1,0.98688436,藁本 合欢花
predictions42.csv,17,1,0.88605773,麦芽 青皮
predictions42.csv,43,1,0.9134152,钩藤 黄山药
predictions43.csv,56,1,0.84050035,萹蓄 茜草
predictions43.csv,66,1,0.91574514,火麻仁 西洋参
predictions43.csv,86,1,0.87857044,防风 闹羊花
predictions43.csv,89,1,0.99294657,苦杏仁 千金子
predictions44.csv,86,1,0.9214758,茯苓 漏芦
predictions45.csv,50,1,0.942473,艾叶 五加皮
predictions45.csv,51,1,0.866176,桃仁 血竭
predictions45.csv,84,1,0.9381026,蒲黄 娑罗子
predictions45.csv,85,1,0.89281183,金银花 续断
predictions45.csv,94,1,0.973532,青风藤 三颗针
predictions46.csv,0,1,0.8971034,巴豆 三棱
predictions46.csv,47,1,0.9424445,黑芝麻 远志
predictions46.csv,53,1,0.88501626,木香 檀香
predictions47.csv,85,1,0.94007236,川乌 野木瓜
predictions48.csv,60,1,0.848764,佛手 前胡
predictions49.csv,4,1,0.9402698,大蒜 化橘红
predictions49.csv,20,1,0.98192734,蔓荆子 三白草
predictions49.csv,60,1,0.8069459,白前 牛膝
predictions49.csv,83,1,0.98192734,大青叶 天花粉
predictions50.csv,76,1,0.825416,当药 郁金
predictions50.csv,80,1,0.9123959,香加皮 紫花地丁
predictions51.csv,28,1,0.9900219,半边莲 黄山药
predictions51.csv,36,1,0.86986643,白鲜皮 肉桂
predictions51.csv,64,1,0.8510756,马齿苋 血竭
predictions51.csv,97,1,0.90960044,刀豆 龙眼肉
predictions53.csv,15,1,0.914277,川乌 青风藤
predictions53.csv,42,1,0.873147,柏子仁 款冬花
predictions53.csv,84,1,0.96069056,龙眼肉 牵牛子
predictions55.csv,45,1,0.9534566,鹅不食草 山茱萸
predictions55.csv,68,1,0.8194127,苦木 土木香
predictions56.csv,29,1,0.93830144,桂枝 青蒿
predictions56.csv,68,1,0.8871678,附子 荷叶
predictions56.csv,69,1,0.96377355,苍耳子 丝瓜络
predictions57.csv,49,1,0.9877044,三颗针 益智
predictions58.csv,8,1,0.89425945,北沙参 番泻叶
predictions58.csv,9,1,0.89425945,天花粉 茵陈
predictions58.csv,61,1,0.86545485,柿蒂 一枝黄花
predictions59.csv,48,1,0.9349698,辣椒 凌霄花
predictions59.csv,87,1,0.83053714,穿心莲 金铁锁
predictions60.csv,34,1,0.94011146,海风藤 救必应
predictions60.csv,44,1,0.9867818,佩兰 石菖蒲
predictions60.csv,45,1,0.9471162,白薇 路路通
predictions60.csv,48,1,0.89095455,巴豆霜 仙茅
predictions60.csv,85,1,0.81770986,化橘红 漏芦
predictions60.csv,86,1,0.93621737,槟榔 藕节
predictions60.csv,99,1,0.94011146,山柰 紫草
predictions61.csv,26,1,0.84123635,甘草 枸杞子
predictions61.csv,39,1,0.9782487,积雪草 檀香
predictions62.csv,17,1,0.82357395,荜澄茄 肿节风
predictions62.csv,52,1,0.98313046,黄柏 天麻
predictions62.csv,61,1,0.8412363,钩藤 射干
predictions62.csv,87,1,0.95936465,桔梗 柿蒂
predictions63.csv,85,1,0.9041921,金银花 使君子
predictions65.csv,2,1,0.9809232,鸭跖草 延胡索
predictions65.csv,5,1,0.902303,黄山药 泽泻
predictions65.csv,15,1,0.92626584,八角茴香 藕节
predictions65.csv,23,1,0.8283065,钩藤 络石藤
predictions65.csv,50,1,0.9486933,钩藤 三七
predictions66.csv,63,1,0.8264573,地榆 姜黄
predictions67.csv,38,1,0.931978,垂盆草 连翘
predictions67.csv,67,1,0.9831172,石菖蒲 鸦胆子
predictions67.csv,77,1,0.9620771,龙胆 闹羊花
predictions67.csv,94,1,0.8939313,白芷 乌梅
predictions68.csv,27,1,0.9929005,牡丹皮 牡荆叶
predictions69.csv,27,1,0.9955271,草豆蔻 桃仁
predictions69.csv,59,1,0.9523104,白蔹 连翘
predictions70.csv,67,1,0.8925522,甘草 何首乌
predictions71.csv,31,1,0.92567676,番泻叶 郁金
predictions71.csv,42,1,0.87961787,安息香 川乌
predictions72.csv,23,1,0.90318316,救必应 天南星
predictions73.csv,29,1,0.8663193,北沙参 大青叶
predictions73.csv,89,1,0.9633004,骨碎补 桃仁
predictions74.csv,81,1,0.9125169,冬凌草 锁阳
predictions77.csv,19,1,0.8415506,苦楝皮 前胡
predictions78.csv,5,1,0.85445374,密蒙花 蒲公英
predictions78.csv,80,1,0.86685777,鸡骨草 五加皮
predictions79.csv,21,1,0.91846275,川牛膝 小蓟
predictions79.csv,47,1,0.8533237,蔓荆子 丝瓜络
predictions81.csv,20,1,0.96904975,龙胆 五加皮
predictions81.csv,49,1,0.8003295,苍耳子 当归
predictions81.csv,59,1,0.8163073,白前 薤白
predictions81.csv,91,1,0.9690521,蒺藜 救必应
predictions81.csv,92,1,0.96904975,火麻仁 太子参
predictions83.csv,73,1,0.96818906,大黄 黄连
predictions84.csv,11,1,0.88291097,牛膝 郁李仁
predictions84.csv,35,1,0.87099135,积雪草 丝瓜络
predictions85.csv,8,1,0.86367875,火麻仁 麻黄
predictions85.csv,49,1,0.8684698,穿心莲 血竭
predictions85.csv,61,1,0.96366936,黄芪 小茴香
predictions85.csv,98,1,0.9777583,卷柏 肿节风
predictions85.csv,99,1,0.84656316,独活 老鹳草
predictions86.csv,32,1,0.9878126,板蓝根 紫苏叶
predictions86.csv,57,1,0.8789659,金沸草 马勃
predictions86.csv,63,1,0.9685823,花椒 荆芥
predictions86.csv,74,1,0.81258845,鸡冠花 茵陈
predictions86.csv,82,1,0.8180298,豆蔻 乳香
predictions86.csv,90,1,0.930622,艾叶 姜黄
predictions87.csv,34,1,0.94711167,草豆蔻 荷叶
predictions87.csv,69,1,0.90260065,川楝子 前胡
predictions88.csv,14,1,0.96693903,苍术 救必应
predictions88.csv,32,1,0.97930783,三七 娑罗子
predictions88.csv,65,1,0.9421332,川乌 牡丹皮
predictions88.csv,99,1,0.8000384,柿蒂 香薷
predictions89.csv,12,1,0.9340908,大枣 委陵菜
predictions90.csv,91,1,0.82999414,木贼 拳参
predictions92.csv,75,1,0.8092341,半边莲 蓖麻子
predictions93.csv,70,1,0.9322299,巴豆 姜黄
predictions94.csv,42,1,0.9196712,淡竹叶 两面针
predictions95.csv,19,1,0.95236045,豆蔻 甘松
predictions95.csv,87,1,0.8120824,金钱草 苦木
predictions95.csv,88,1,0.825143,人参 水飞蓟
predictions97.csv,44,1,0.91837054,当药 防己
predictions97.csv,73,1,0.8295265,地榆 桑叶
predictions99.csv,29,1,0.96182734,槲寄生 郁金
predictions100.csv,99,1,0.8827082,荷叶 青葙子
predictions101.csv,22,1,0.90047693,胡椒 月季花
predictions101.csv,67,1,0.9410819,合欢花 砂仁
predictions102.csv,2,1,0.90829563,黄精 荆芥
predictions104.csv,10,1,0.8121421,麻黄 香加皮
predictions104.csv,18,1,0.8121421,蛇床子 小茴香
predictions104.csv,55,1,0.8410782,急性子 夏天无
predictions104.csv,71,1,0.9526857,漏芦 忍冬藤
predictions104.csv,97,1,0.95757985,狼毒 太子参
predictions106.csv,22,1,0.82303375,红景天 山柰
predictions107.csv,94,1,0.9922472,浮萍 亚麻子
predictions108.csv,47,1,0.951368,连翘 木香
predictions108.csv,92,1,0.82933134,海金沙 皂角刺
predictions109.csv,77,1,0.96111137,草豆蔻 射干
predictions110.csv,9,1,0.8318272,杜仲 肉豆蔻
predictions110.csv,15,1,0.8167588,焦栀子 芫花
predictions111.csv,31,1,0.9554001,白及 白芷
predictions112.csv,47,1,0.8115978,香附 香加皮
predictions113.csv,15,1,0.84264505,青葙子 西洋参
predictions114.csv,85,1,0.9325398,石韦 鸦胆子
predictions114.csv,92,1,0.94410574,苦参 益母草
predictions115.csv,14,1,0.8257488,莱菔子 续断
predictions116.csv,11,1,0.9492017,荜澄茄 蒺藜
predictions116.csv,88,1,0.940148,附子 太子参
predictions117.csv,46,1,0.96813065,杜仲 狼毒
predictions118.csv,9,1,0.8388073,艾叶 夏枯草
predictions118.csv,40,1,0.85736865,白及 藁本
predictions118.csv,91,1,0.8388073,广藿香 肉豆蔻
predictions120.csv,24,1,0.8511748,萹蓄 蒺藜
predictions120.csv,39,1,0.9321415,地肤子 桂枝
predictions120.csv,67,1,0.8499152,豆蔻 金果榄
predictions121.csv,19,1,0.89192677,墨旱莲 三颗针
predictions121.csv,77,1,0.9935103,罗汉果 香附
predictions122.csv,81,1,0.98775566,骨碎补 灵芝
predictions123.csv,25,1,0.9641235,蓖麻子 麦冬
predictions125.csv,9,1,0.99852777,厚朴 连钱草
predictions125.csv,24,1,0.930121,蔓荆子 天南星
predictions125.csv,51,1,0.8283429,牛蒡子 青风藤
predictions125.csv,92,1,0.94039434,木瓜 月季花
predictions126.csv,82,1,0.86547464,巴豆 玫瑰花
predictions126.csv,87,1,0.966724,天麻 栀子
predictions126.csv,91,1,0.86547464,白鲜皮 娑罗子
predictions127.csv,94,1,0.89349943,羌活 香橼
predictions128.csv,80,1,0.9776013,安息香 甘松
predictions129.csv,33,1,0.8357404,菝葜 佩兰
predictions129.csv,42,1,0.8810569,鸡骨草 乌药
predictions130.csv,56,1,0.8999762,半夏 荆芥
predictions130.csv,61,1,0.862407,白及 酸枣仁
predictions130.csv,93,1,0.862407,骨碎补 苦玄参
predictions131.csv,36,1,0.95973444,巴豆霜 罂粟壳
predictions132.csv,13,1,0.90190166,薄荷 广藿香
predictions132.csv,52,1,0.8245804,大蒜 紫苏叶
predictions132.csv,66,1,0.8186692,路路通 紫菀
predictions132.csv,84,1,0.8245804,苦参 昆布
predictions133.csv,32,1,0.9075004,诃子 苏木
predictions133.csv,71,1,0.8128774,川乌 龙胆
predictions134.csv,85,1,0.9542852,姜黄 四季青
predictions134.csv,90,1,0.8640318,桃仁 淫羊藿
predictions134.csv,98,1,0.8263812,红景天 昆布
predictions135.csv,81,1,0.85547626,川楝子 小茴香
predictions136.csv,29,1,0.8531842,半夏 青叶胆
predictions136.csv,86,1,0.8179602,补骨脂 独一味
predictions137.csv,43,1,0.9366173,覆盆子 委陵菜
predictions138.csv,1,1,0.8623103,合欢花 苏木
predictions138.csv,43,1,0.97935337,木贼 酸枣仁
predictions138.csv,69,1,0.87001574,白芷 水飞蓟
predictions139.csv,57,1,0.8857459,诃子 卷柏
predictions139.csv,75,1,0.870375,连钱草 胖大海
predictions140.csv,81,1,0.92517793,百部 一枝黄花
predictions140.csv,93,1,0.81943846,鸡血藤 山豆根
predictions141.csv,49,1,0.8174938,槲寄生 三七
predictions142.csv,17,1,0.8107399,灵芝 酸枣仁
predictions142.csv,95,1,0.98558307,山茱萸 夏枯草
predictions143.csv,30,1,0.84309006,甘遂 黄蜀葵花
predictions143.csv,35,1,0.9471986,赤小豆 桑叶
predictions143.csv,67,1,0.8343515,葶苈子 细辛
predictions143.csv,84,1,0.93430346,瓜蒌 马勃
predictions143.csv,98,1,0.94492525,檀香 泽泻
predictions144.csv,39,1,0.8629592,胡黄连 决明子
predictions147.csv,86,1,0.93388706,沉香 骨碎补
predictions148.csv,20,1,0.8696487,密蒙花 桑叶
predictions148.csv,55,1,0.94245446,闹羊花 紫苏叶
predictions148.csv,97,1,0.9522238,黄蜀葵花 细辛
predictions149.csv,8,1,0.88460046,安息香 佛手
predictions149.csv,15,1,0.8799865,板蓝根 砂仁
predictions149.csv,42,1,0.95959747,茯苓 连钱草
predictions149.csv,90,1,0.914292,桔梗 仙鹤草
predictions150.csv,29,1,0.8764715,川乌 灵芝
predictions150.csv,66,1,0.8603517,附子 甘草
predictions151.csv,87,1,0.98653656,蔓荆子 紫苏叶
predictions152.csv,87,1,0.8684961,决明子 紫苏叶
predictions153.csv,31,1,0.8812879,苦参 蒲公英
predictions153.csv,86,1,0.8118334,海风藤 枳壳
predictions154.csv,2,1,0.8484432,金沸草 胖大海
predictions154.csv,33,1,0.9591042,忍冬藤 天花粉
predictions154.csv,36,1,0.90815866,女贞子 千里光
predictions154.csv,47,1,0.9928427,茜草 紫花地丁
predictions154.csv,86,1,0.85301495,艾叶 洋金花
predictions154.csv,88,1,0.97444624,当药 香加皮
predictions155.csv,49,1,0.9635508,桂枝 荷叶
predictions156.csv,2,1,0.90958995,老鹳草 女贞子
predictions156.csv,79,1,0.8861053,豆蔻 生姜
predictions157.csv,11,1,0.93486196,化橘红 罂粟壳
predictions157.csv,97,1,0.8689641,淡竹叶 石斛
predictions158.csv,38,1,0.92186064,枸杞子 苦地丁
predictions159.csv,39,1,0.84178996,白扁豆 徐长卿
predictions160.csv,40,1,0.95795083,合欢花 菊花
predictions160.csv,80,1,0.95795083,白芍 薤白
predictions161.csv,16,1,0.82898545,垂盆草 乳香
predictions161.csv,66,1,0.86883056,昆布 砂仁
predictions161.csv,93,1,0.9138811,桑枝 水飞蓟
predictions161.csv,98,1,0.9393798,桑寄生 玉竹
predictions162.csv,1,1,0.98539805,薤白 野菊花
predictions162.csv,9,1,0.98838437,常山 夏枯草
predictions162.csv,58,1,0.82793814,川乌 桔梗
predictions162.csv,81,1,0.9425656,千里光 锁阳
predictions164.csv,69,1,0.85181606,丹参 桃仁
predictions165.csv,49,1,0.9961622,大枣 牡丹皮
predictions165.csv,85,1,0.86340666,老鹳草 天竺黄
predictions165.csv,95,1,0.82062584,金果榄 青风藤
predictions166.csv,6,1,0.8487644,刀豆 筋骨草
predictions166.csv,8,1,0.95729977,羌活 石菖蒲
predictions167.csv,25,1,0.94754934,焦栀子 肿节风
predictions167.csv,67,1,0.87855035,鸦胆子 玉竹
predictions167.csv,79,1,0.94479936,生姜 仙鹤草
predictions168.csv,40,1,0.95091665,锁阳 西洋参
predictions168.csv,53,1,0.86372983,槲寄生 栀子
predictions168.csv,57,1,0.86372983,莪术 急性子
predictions171.csv,3,1,0.9664079,瓜蒌 芦荟
predictions171.csv,14,1,0.8069341,蓖麻子 芥子
predictions172.csv,69,1,0.8182097,南五味子 预知子
predictions173.csv,35,1,0.84420323,当归 香橼
predictions173.csv,41,1,0.81309927,垂盆草 天南星
predictions173.csv,47,1,0.8313724,槟榔 九里香
predictions175.csv,28,1,0.8477495,麻黄 人参
predictions176.csv,34,1,0.97278225,木瓜 人参叶
predictions176.csv,36,1,0.8846135,白术 九里香
predictions176.csv,55,1,0.8846135,金铁锁 竹茹
predictions177.csv,37,1,0.85530794,骨碎补 淫羊藿
predictions177.csv,71,1,0.9745925,土茯苓 薤白
predictions177.csv,99,1,0.9745925,黄芩 棕榈
predictions180.csv,52,1,0.8789541,独一味 狼毒
predictions181.csv,29,1,0.93569994,白蔹 板蓝根
predictions181.csv,90,1,0.872026,合欢皮 凌霄花
predictions182.csv,75,1,0.93001646,白芍 郁金
predictions183.csv,10,1,0.89532876,黄芪 野木瓜
predictions183.csv,56,1,0.9565688,当药 昆布
predictions184.csv,14,1,0.99058694,菝葜 锁阳
predictions184.csv,80,1,0.99281186,青叶胆 知母
predictions185.csv,63,1,0.8708593,巴豆 白扁豆
predictions185.csv,81,1,0.9858876,白薇 山慈菇
predictions185.csv,82,1,0.86246467,山慈菇 鱼腥草
predictions185.csv,98,1,0.86246467,昆布 山楂
predictions186.csv,69,1,0.83064544,化橘红 黄芩
predictions186.csv,74,1,0.98673767,黄连 菊花
predictions187.csv,45,1,0.9599616,海金沙 胖大海
predictions187.csv,90,1,0.9878342,龙胆 山茱萸
predictions188.csv,81,1,0.9372322,半夏 闹羊花
predictions189.csv,21,1,0.85169077,半边莲 丹参
predictions189.csv,97,1,0.865592,藁本 月季花
predictions190.csv,2,1,0.99010146,甘松 桑白皮
predictions190.csv,30,1,0.8186818,安息香 桂枝
predictions190.csv,77,1,0.8186818,马齿苋 夏天无
predictions191.csv,39,1,0.82560295,菟丝子 香加皮
predictions191.csv,85,1,0.8608915,大黄 连翘
predictions192.csv,69,1,0.98160136,枸杞子 珠子参
predictions192.csv,75,1,0.9291955,侧柏叶 乳香
predictions194.csv,59,1,0.800587,满山红 砂仁
predictions194.csv,80,1,0.8084385,草乌 熟地黄
predictions194.csv,93,1,0.96975976,墨旱莲 野木瓜
predictions195.csv,45,1,0.8697793,蔓荆子 南五味子
predictions195.csv,56,1,0.876669,川楝子 苦玄参
predictions195.csv,80,1,0.8838491,大蒜 威灵仙
predictions196.csv,65,1,0.98655486,甘遂 广藿香
predictions196.csv,69,1,0.86847484,大青叶 天麻
predictions197.csv,3,1,0.930262,党参 绵萆薢
predictions197.csv,53,1,0.8354696,白前 亚麻子
predictions197.csv,62,1,0.95173246,降香 鱼腥草
predictions198.csv,3,1,0.8423621,大蒜 银柴胡
predictions198.csv,86,1,0.91251826,商陆 丝瓜络
predictions199.csv,39,1,0.9268883,金沸草 桑叶
predictions199.csv,76,1,0.8838731,大青叶 黑芝麻
predictions201.csv,5,1,0.82805353,狼毒 莲子
predictions202.csv,15,1,0.86017674,黄精 酸枣仁
predictions202.csv,67,1,0.86624163,瓜蒌 桑寄生
predictions203.csv,27,1,0.91365856,安息香 穿心莲
predictions204.csv,19,1,0.9768242,夏枯草 辛夷
predictions204.csv,47,1,0.8221228,甘遂 墨旱莲
predictions204.csv,48,1,0.8221228,车前草 野木瓜
predictions204.csv,79,1,0.92653155,漏芦 天花粉
predictions204.csv,85,1,0.92653155,当归 一枝黄花
predictions205.csv,0,1,0.94208306,夏天无 月季花
predictions207.csv,63,1,0.92753416,水飞蓟 茵陈
predictions208.csv,92,1,0.88756347,百合 浙贝母
predictions209.csv,39,1,0.8004572,槟榔 西洋参
predictions211.csv,34,1,0.82635343,黄蜀葵花 亚麻子
predictions211.csv,89,1,0.9962842,明党参 天冬
predictions214.csv,35,1,0.85852534,白薇 酸枣仁
predictions214.csv,47,1,0.98568463,千里光 桃仁
predictions215.csv,6,1,0.9588678,茜草 桑寄生
predictions215.csv,60,1,0.98820114,黑芝麻 肉苁蓉
predictions216.csv,0,1,0.8761685,预知子 栀子
predictions216.csv,60,1,0.94742787,白茅根 急性子
predictions218.csv,25,1,0.9590193,柴胡 甘草
predictions219.csv,82,1,0.94086885,麻黄根 野木瓜
predictions220.csv,0,1,0.95044786,半夏 天竺黄
predictions220.csv,66,1,0.83171535,红景天 桑白皮
predictions221.csv,93,1,0.8016202,黄蜀葵花 木通
predictions222.csv,57,1,0.96358305,党参 合欢花
predictions222.csv,65,1,0.9692413,五味子 仙茅
predictions223.csv,58,1,0.9802151,海藻 黄芩
predictions223.csv,66,1,0.8631019,甘遂 决明子
predictions223.csv,70,1,0.8835751,漏芦 山豆根
predictions224.csv,34,1,0.97660625,天冬 知母
predictions224.csv,99,1,0.8088679,板蓝根 青皮
predictions225.csv,7,1,0.8067859,焦栀子 益母草
predictions225.csv,37,1,0.9793046,地肤子 黄芩
predictions226.csv,59,1,0.8534567,白及 金沸草
predictions227.csv,41,1,0.8736425,藕节 使君子
predictions228.csv,19,1,0.8644291,石菖蒲 一枝黄花
predictions228.csv,35,1,0.8660895,藁本 桑寄生
predictions228.csv,41,1,0.9132281,丁公藤 女贞子
predictions228.csv,55,1,0.98815256,胖大海 山药
predictions228.csv,61,1,0.89397067,何首乌 藕节
predictions228.csv,75,1,0.91440463,防己 续断
predictions228.csv,77,1,0.8459393,广藿香 天花粉
predictions229.csv,33,1,0.986906,委陵菜 月季花
predictions229.csv,73,1,0.9553657,黄芩 西洋参
predictions230.csv,54,1,0.95448,莲子 香加皮
predictions231.csv,14,1,0.8067827,甘松 徐长卿
predictions231.csv,36,1,0.94100195,地肤子 厚朴
predictions231.csv,49,1,0.9869643,火麻仁 两面针
predictions231.csv,66,1,0.8932715,姜黄 木通
predictions231.csv,79,1,0.8932715,巴豆 香薷
predictions231.csv,84,1,0.8339315,草乌 木贼
predictions231.csv,96,1,0.8265278,金沸草 棕榈
predictions232.csv,95,1,0.9160176,佛手 密蒙花
predictions233.csv,42,1,0.86167663,赤芍 泽泻
predictions233.csv,85,1,0.9112658,牵牛子 泽兰
predictions233.csv,93,1,0.9855586,白蔹 金沸草
predictions233.csv,94,1,0.9510885,黄芩 罗汉果
predictions234.csv,19,1,0.8858324,黄山药 马齿苋
predictions234.csv,80,1,0.95915025,白术 三颗针
predictions236.csv,0,1,0.9575664,薄荷 鸡骨草
predictions237.csv,1,1,0.83337337,柿蒂 天花粉
predictions237.csv,40,1,0.8328427,海风藤 射干
predictions237.csv,94,1,0.8328427,黄精 苦玄参
predictions238.csv,3,1,0.85238165,白扁豆 夏天无
predictions238.csv,6,1,0.8037281,北沙参 罂粟壳
predictions238.csv,29,1,0.9471285,三七 生姜
predictions239.csv,37,1,0.98413,麦冬 枳壳
predictions240.csv,31,1,0.80853903,牛膝 忍冬藤
predictions240.csv,66,1,0.83198106,四季青 王不留行
predictions240.csv,93,1,0.8495932,莪术 昆布
predictions241.csv,35,1,0.9658671,连翘 麻黄
predictions241.csv,92,1,0.87857354,一枝黄花 益母草
predictions242.csv,22,1,0.9508608,姜黄 紫草
predictions242.csv,44,1,0.9128205,莪术 芫花
predictions243.csv,14,1,0.96261626,漏芦 竹茹
predictions243.csv,20,1,0.837807,木通 珠子参
predictions243.csv,78,1,0.8037203,砂仁 棕榈
predictions243.csv,91,1,0.9524036,冬凌草 生地黄
predictions244.csv,71,1,0.96303976,火麻仁 凌霄花
predictions245.csv,8,1,0.8031614,番泻叶 金果榄
predictions245.csv,34,1,0.8164382,半夏 苏合香
predictions245.csv,61,1,0.8537267,南五味子 娑罗子
predictions245.csv,80,1,0.8031614,老鹳草 射干
predictions245.csv,83,1,0.84719485,黄山药 桑白皮
predictions246.csv,5,1,0.9146972,大血藤 筋骨草
predictions246.csv,9,1,0.81687456,狼毒 檀香
predictions246.csv,17,1,0.9747527,赤小豆 豨莶草
predictions247.csv,70,1,0.9245201,使君子 茵陈
predictions248.csv,7,1,0.86985713,巴豆霜 黄芩
predictions248.csv,21,1,0.86985713,木蝴蝶 青皮
predictions248.csv,89,1,0.89595777,白附子 杜仲
predictions249.csv,80,1,0.9398029,大枣 槲寄生
predictions250.csv,49,1,0.8825679,大青叶 吴茱萸
predictions250.csv,73,1,0.8612793,草乌 使君子
predictions250.csv,80,1,0.93091506,豆蔻 砂仁
predictions252.csv,16,1,0.83888984,海风藤 玄参
predictions252.csv,45,1,0.83888984,金沸草 徐长卿
predictions253.csv,0,1,0.9514848,大叶紫珠 菊花
predictions253.csv,34,1,0.8675433,桃仁 鱼腥草
predictions253.csv,50,1,0.8188682,常山 使君子
predictions254.csv,39,1,0.8683312,生地黄 郁金
predictions254.csv,62,1,0.9372315,苦木 野菊花
predictions255.csv,39,1,0.91288817,苦玄参 土木香
predictions255.csv,61,1,0.86837476,何首乌 芫花
predictions255.csv,72,1,0.9954035,白芍 益智
predictions256.csv,93,1,0.9302488,娑罗子 郁金
predictions258.csv,87,1,0.85780984,蒲公英 野菊花
predictions258.csv,96,1,0.9480049,金樱子 苦楝皮
predictions259.csv,0,1,0.94515127,南鹤虱 肉豆蔻
predictions259.csv,1,1,0.9487831,红花 辣椒
predictions259.csv,10,1,0.8325898,诃子 姜黄
predictions259.csv,14,1,0.8876382,北沙参 党参
predictions261.csv,65,1,0.87940085,大青叶 土荆皮
predictions262.csv,40,1,0.83888495,连翘 紫苏叶
predictions262.csv,48,1,0.9325554,桂枝 枳壳
predictions262.csv,53,1,0.95595247,半边莲 玄参
predictions262.csv,60,1,0.99889296,花椒 芦根
predictions262.csv,95,1,0.87246746,路路通 马钱子
predictions263.csv,23,1,0.9878753,淡竹叶 卷柏
predictions264.csv,7,1,0.8388547,水飞蓟 天花粉
predictions265.csv,1,1,0.83232623,白芍 老鹳草
predictions265.csv,25,1,0.80876404,赤芍 槐角
predictions265.csv,30,1,0.8104704,乳香 王不留行
predictions265.csv,34,1,0.883073,黄芩 益智
predictions265.csv,57,1,0.8374349,路路通 藕节
predictions265.csv,81,1,0.9134397,广藿香 海风藤
predictions265.csv,89,1,0.85415494,半枝莲 谷精草
predictions266.csv,10,1,0.85754085,土木香 玉竹
predictions266.csv,89,1,0.96554303,筋骨草 天竺黄
predictions267.csv,56,1,0.9777485,独活 火麻仁
predictions267.csv,95,1,0.99010813,苍术 紫草
predictions267.csv,99,1,0.8326219,香加皮 野菊花
predictions268.csv,15,1,0.857198,白头翁 芥子
predictions268.csv,32,1,0.9173807,巴戟天 大黄
predictions268.csv,53,1,0.8261197,地骨皮 金钱草
predictions268.csv,96,1,0.8261197,豨莶草 玉竹
predictions269.csv,2,1,0.8320197,巴戟天 小蓟
predictions269.csv,78,1,0.958839,麻黄 玫瑰花
predictions270.csv,14,1,0.8306625,地肤子 羌活
predictions270.csv,25,1,0.8857482,侧柏叶 路路通
predictions272.csv,17,1,0.81653804,当归 灯心草
predictions272.csv,24,1,0.97962004,连翘 莲子心
predictions272.csv,83,1,0.95994294,两面针 皂角刺
predictions273.csv,14,1,0.8943178,鸡血藤 山慈菇
predictions274.csv,67,1,0.8651524,谷精草 青叶胆
predictions277.csv,40,1,0.827642,谷精草 莲子
predictions278.csv,42,1,0.880419,沉香 诃子
predictions278.csv,61,1,0.986626,香橼 小茴香
predictions279.csv,28,1,0.8924949,玫瑰花 天花粉
predictions279.csv,54,1,0.9909949,刺五加 一枝黄花
predictions280.csv,38,1,0.95555574,海藻 续断
predictions280.csv,60,1,0.9106498,绵萆薢 土木香
predictions281.csv,11,1,0.93735874,连钱草 罗汉果
predictions281.csv,17,1,0.9043731,巴豆 南五味子
predictions283.csv,41,1,0.89069515,川乌 乳香
predictions283.csv,98,1,0.9521719,蒲黄 茵陈
predictions284.csv,42,1,0.9695179,蔓荆子 天竺黄
predictions284.csv,65,1,0.84818345,冬凌草 黄蜀葵花
predictions284.csv,68,1,0.8694478,辣椒 委陵菜
predictions285.csv,11,1,0.9135496,白鲜皮 厚朴
predictions285.csv,30,1,0.9717853,鹅不食草 青蒿
predictions285.csv,66,1,0.9583465,荆芥 老鹳草
predictions285.csv,93,1,0.81381726,姜黄 葶苈子
predictions286.csv,7,1,0.87869275,橘核 山药
predictions286.csv,20,1,0.87496257,积雪草 仙鹤草
predictions286.csv,24,1,0.8487227,酸枣仁 预知子
predictions286.csv,60,1,0.8128875,八角茴香 蜘蛛香
predictions286.csv,75,1,0.8002032,榼藤子 鸦胆子
predictions286.csv,82,1,0.8283646,黑芝麻 狼毒
predictions286.csv,92,1,0.87496257,刺五加 秦艽
predictions287.csv,70,1,0.8801683,川乌 丹参
predictions287.csv,75,1,0.87124443,绵萆薢 竹茹
predictions287.csv,77,1,0.9915103,丁香 黄芪
predictions287.csv,81,1,0.99965835,蒺藜 竹茹
predictions288.csv,64,1,0.8200214,黑豆 胡黄连
predictions288.csv,83,1,0.93625784,锁阳 威灵仙
predictions289.csv,64,1,0.9789323,木贼 桑枝
predictions289.csv,92,1,0.863055,丁香 合欢花
predictions290.csv,18,1,0.92467344,木通 枇杷叶
predictions290.csv,62,1,0.8836155,鹅不食草 玫瑰花
predictions291.csv,28,1,0.80462056,藕节 仙鹤草
predictions292.csv,37,1,0.9081049,枸杞子 荆芥
predictions292.csv,60,1,0.81952703,山药 紫苏梗
predictions292.csv,64,1,0.9927978,川乌 大叶紫珠
predictions292.csv,95,1,0.9904343,决明子 天花粉
predictions293.csv,71,1,0.9403561,石韦 苏合香
predictions294.csv,48,1,0.8413273,黄蜀葵花 决明子
predictions295.csv,5,1,0.99607915,火麻仁 锁阳
predictions295.csv,15,1,0.85196394,沉香 鸡冠花
predictions296.csv,6,1,0.92227393,马勃 紫苏梗
predictions296.csv,45,1,0.80055165,南鹤虱 女贞子
predictions296.csv,47,1,0.8114953,黄连 皂角刺
predictions296.csv,71,1,0.80055165,白芍 独活
predictions296.csv,92,1,0.9855439,木贼 青叶胆
predictions297.csv,49,1,0.9344265,川牛膝 甘遂
predictions298.csv,51,1,0.9701872,槲寄生 三颗针
predictions299.csv,19,1,0.9357862,海金沙 天南星
predictions300.csv,11,1,0.8235393,防己 蒺藜
predictions301.csv,44,1,0.8237056,干姜 芦荟
predictions302.csv,3,1,0.8898483,羌活 石榴皮
predictions303.csv,49,1,0.98787516,冬凌草 九里香
predictions303.csv,50,1,0.9171157,大枣 香附
predictions304.csv,37,1,0.9854739,三七 血竭
predictions304.csv,92,1,0.800402,常山 水飞蓟
predictions306.csv,84,1,0.92481136,柴胡 紫菀
predictions307.csv,40,1,0.82175595,金钱草 玄参
predictions308.csv,14,1,0.96364754,番泻叶 莲子心
predictions308.csv,23,1,0.8257584,浮萍 木蝴蝶
predictions308.csv,29,1,0.8862797,灵芝 皂角刺
predictions308.csv,94,1,0.8656499,玉竹 预知子
predictions309.csv,5,1,0.9182815,桔梗 野菊花
predictions309.csv,6,1,0.97866505,牛膝 珠子参
predictions311.csv,58,1,0.8304146,莪术 鹅不食草
predictions312.csv,9,1,0.97440267,青皮 血竭
predictions312.csv,47,1,0.8484946,穿心莲 党参
predictions312.csv,78,1,0.8367413,蛇床子 天南星
predictions312.csv,88,1,0.8484946,八角茴香 木蝴蝶
predictions313.csv,27,1,0.86795384,冬瓜皮 胖大海
predictions313.csv,40,1,0.83170396,鸡骨草 石斛
predictions313.csv,65,1,0.8603259,佛手 肉桂
predictions314.csv,15,1,0.8473547,白扁豆 黄芩
predictions314.csv,46,1,0.8068487,菊花 明党参
predictions314.csv,69,1,0.9722968,巴豆霜 红景天
predictions315.csv,9,1,0.895901,八角茴香 蛇床子
predictions315.csv,73,1,0.9304633,龙眼肉 亚麻子
predictions315.csv,84,1,0.9768449,拳参 益母草
predictions317.csv,32,1,0.9432885,九里香 青风藤
predictions317.csv,72,1,0.9303884,百部 佩兰
predictions318.csv,59,1,0.81998986,八角茴香 青风藤
predictions319.csv,77,1,0.86992925,白扁豆 赤小豆
predictions319.csv,91,1,0.8873093,苍耳子 陈皮
predictions321.csv,10,1,0.8908018,火麻仁 浙贝母
predictions321.csv,31,1,0.8908018,草果 谷精草
predictions322.csv,74,1,0.9878208,榼藤子 天竺黄
predictions323.csv,0,1,0.9370423,川楝子 羌活
predictions323.csv,72,1,0.8855009,橘核 薤白
predictions323.csv,90,1,0.851734,干姜 一枝黄花
predictions324.csv,66,1,0.9292893,瓜蒌 红花
predictions325.csv,22,1,0.9636356,闹羊花 泽兰
predictions325.csv,68,1,0.83176094,绵萆薢 威灵仙
predictions326.csv,44,1,0.90101814,黄山药 龙眼肉
predictions327.csv,3,1,0.8943099,积雪草 银柴胡
predictions327.csv,25,1,0.8164954,蒲公英 五味子
predictions327.csv,29,1,0.8591776,茯苓 棕榈
predictions327.csv,83,1,0.96248496,柴胡 生地黄
predictions328.csv,18,1,0.9143487,钩藤 枸杞子
predictions328.csv,69,1,0.9740844,丹参 闹羊花
predictions328.csv,70,1,0.912356,柴胡 槲寄生
predictions328.csv,98,1,0.9143487,南五味子 王不留行
predictions330.csv,1,1,0.9563979,槟榔 地肤子
predictions330.csv,23,1,0.9373037,急性子 青叶胆
predictions330.csv,37,1,0.9768554,柴胡 合欢花
predictions330.csv,58,1,0.9056895,芦荟 牛蒡子
predictions332.csv,20,1,0.8080957,浮萍 肿节风
predictions332.csv,40,1,0.9881578,柏子仁 桃仁
predictions333.csv,10,1,0.9478946,苦地丁 生地黄
predictions333.csv,22,1,0.9581099,黄芪 榼藤子
predictions333.csv,33,1,0.96960604,罗汉果 棕榈
predictions333.csv,50,1,0.8694607,凌霄花 银柴胡
predictions333.csv,94,1,0.9894834,昆布 青蒿
predictions334.csv,47,1,0.98686963,桃仁 郁李仁
predictions334.csv,88,1,0.95091283,土茯苓 皂角刺
predictions335.csv,30,1,0.8092552,大青叶 天竺黄
predictions335.csv,46,1,0.954564,鸡骨草 浙贝母
predictions336.csv,20,1,0.9480049,大枣 漏芦
predictions336.csv,22,1,0.9147369,防风 甘草
predictions336.csv,87,1,0.9308253,徐长卿 鱼腥草
predictions336.csv,88,1,0.8197984,白及 刀豆
predictions336.csv,98,1,0.80314696,连钱草 乳香
predictions337.csv,33,1,0.8024432,黄精 火麻仁
predictions337.csv,37,1,0.8614864,合欢花 黄山药
predictions337.csv,54,1,0.8929494,骨碎补 香橼
predictions337.csv,81,1,0.8024432,生地黄 小茴香
predictions338.csv,80,1,0.8880822,大蒜 虎杖
predictions339.csv,24,1,0.9033597,川木通 生姜
predictions339.csv,97,1,0.86970884,浮萍 紫菀
predictions340.csv,86,1,0.8565574,巴豆霜 鸦胆子
predictions341.csv,31,1,0.84809947,白芍 木贼
predictions341.csv,36,1,0.8997136,山楂 枳壳
predictions341.csv,45,1,0.8997136,虎杖 路路通
predictions342.csv,9,1,0.8953562,玫瑰花 山药
predictions344.csv,5,1,0.8705645,黑豆 枳壳
predictions344.csv,52,1,0.9291882,冬凌草 蔓荆子
predictions347.csv,94,1,0.8967997,马钱子 桃仁
predictions348.csv,0,1,0.8594801,木香 枇杷叶
predictions348.csv,11,1,0.8594801,常山 枳壳
predictions348.csv,15,1,0.84258705,巴豆霜 巴戟天
predictions348.csv,27,1,0.840515,百部 使君子
predictions350.csv,55,1,0.97196376,大血藤 羌活
predictions350.csv,80,1,0.99005216,荜茇 牛蒡子
predictions350.csv,87,1,0.99005216,射干 夏枯草
predictions351.csv,72,1,0.8107243,冬瓜皮 郁李仁
predictions352.csv,78,1,0.96116203,赤小豆 玫瑰花
predictions353.csv,76,1,0.94925296,大血藤 山柰
predictions353.csv,82,1,0.8689798,槐角 茵陈
predictions354.csv,32,1,0.88349503,半边莲 北刘寄奴
predictions354.csv,49,1,0.91232705,川木通 化橘红
predictions354.csv,63,1,0.86794233,女贞子 水飞蓟
predictions354.csv,78,1,0.986894,白及 预知子
predictions355.csv,42,1,0.8645356,满山红 山慈菇
predictions355.csv,59,1,0.9043777,姜黄 三颗针
predictions356.csv,23,1,0.95914495,积雪草 蒲公英
predictions356.csv,29,1,0.8380786,姜黄 金果榄
predictions358.csv,11,1,0.87035775,昆布 酸枣仁
predictions359.csv,12,1,0.9853812,九里香 千里光
predictions359.csv,32,1,0.94420487,防风 虎杖
predictions359.csv,58,1,0.98668355,合欢花 香薷
predictions360.csv,33,1,0.81019306,杠板归 薤白
predictions360.csv,53,1,0.9988887,丁香 桑寄生
predictions360.csv,79,1,0.84119344,杜仲 黄精
predictions361.csv,36,1,0.9985209,合欢花 肿节风
predictions361.csv,50,1,0.8028008,黄山药 栀子
predictions362.csv,23,1,0.8966799,人参 竹茹
predictions362.csv,26,1,0.952568,浮萍 狼毒
predictions363.csv,68,1,0.94503695,牵牛子 皂角刺
predictions365.csv,36,1,0.9912339,肉桂 石斛
predictions365.csv,57,1,0.9128302,小蓟 紫菀
predictions366.csv,49,1,0.9662602,地肤子 商陆
predictions366.csv,60,1,0.8895092,丁香 泽兰
predictions367.csv,76,1,0.8531535,淡竹叶 牡荆叶
predictions369.csv,87,1,0.8671933,青葙子 远志
predictions372.csv,19,1,0.8960264,白术 甘松
predictions372.csv,37,1,0.9299957,苦楝皮 乌梅
predictions373.csv,47,1,0.9720487,天麻 王不留行
predictions373.csv,52,1,0.87915546,丁香 人参叶
predictions374.csv,7,1,0.85598993,大蓟 蛇床子
predictions374.csv,36,1,0.85598993,茯苓 海风藤
predictions374.csv,61,1,0.9373292,红景天 香薷
predictions375.csv,12,1,0.8725223,鸦胆子 野木瓜
predictions376.csv,31,1,0.9992939,白茅根 骨碎补
predictions376.csv,74,1,0.8306248,枸杞子 红参
predictions377.csv,0,1,0.85181195,昆布 石菖蒲
predictions377.csv,49,1,0.8295067,芦荟 山慈菇
predictions377.csv,50,1,0.91653997,沉香 凌霄花
predictions377.csv,58,1,0.85181195,薤白 野木瓜
predictions377.csv,81,1,0.8010931,蒲黄 土茯苓
predictions378.csv,3,1,0.85114056,豆蔻 满山红
predictions378.csv,38,1,0.85114056,红景天 丝瓜络
predictions378.csv,96,1,0.9711639,穿山龙 紫苏叶
predictions379.csv,9,1,0.95255417,白芍 白鲜皮
predictions379.csv,18,1,0.8332938,青叶胆 山柰
predictions380.csv,22,1,0.80589217,桂枝 牡荆叶
predictions381.csv,4,1,0.9516841,橘核 榼藤子
predictions382.csv,3,1,0.89974433,厚朴 金樱子
predictions382.csv,23,1,0.8218563,杠板归 鸡冠花
predictions382.csv,98,1,0.80508476,黑芝麻 香橼
predictions384.csv,0,1,0.93236387,刀豆 冬瓜皮
predictions384.csv,5,1,0.9139739,白术 百部
predictions384.csv,23,1,0.98305005,赤芍 卷柏
predictions385.csv,27,1,0.82626855,茯苓 甘松
predictions385.csv,51,1,0.9494529,北沙参 砂仁
predictions386.csv,12,1,0.9549528,大枣 马钱子
predictions386.csv,28,1,0.96526426,款冬花 人参叶
predictions387.csv,26,1,0.92218745,火麻仁 石韦
predictions387.csv,67,1,0.8558784,红花 龙胆
predictions387.csv,69,1,0.98085326,侧柏叶 肉苁蓉
predictions387.csv,99,1,0.93742776,黄芪 紫草
predictions388.csv,2,1,0.8348635,八角茴香 茜草
predictions388.csv,66,1,0.826365,蓖麻子 鹅不食草
predictions388.csv,95,1,0.8348635,天南星 竹茹
predictions389.csv,75,1,0.9970763,决明子 枳壳
predictions389.csv,78,1,0.91696376,干姜 漏芦
predictions390.csv,6,1,0.8578428,肉桂 香橼
predictions390.csv,30,1,0.8345452,黄精 使君子
predictions391.csv,74,1,0.8274751,甘松 肉豆蔻
predictions391.csv,79,1,0.8274751,女贞子 桑枝
predictions391.csv,86,1,0.8075346,苍术 乌药
predictions393.csv,62,1,0.9292982,山柰 细辛
predictions395.csv,8,1,0.8862648,地肤子 花椒
predictions395.csv,85,1,0.9018862,槐角 枳壳
predictions397.csv,4,1,0.97119766,蒲黄 西洋参
predictions397.csv,36,1,0.9126883,半夏 木贼
predictions397.csv,41,1,0.87490886,荷叶 救必应
predictions397.csv,93,1,0.92563695,杠板归 藁本
predictions399.csv,20,1,0.8012199,川牛膝 泽泻
predictions399.csv,57,1,0.9690118,藁本 天竺黄
predictions400.csv,9,1,0.95621204,龙胆 桑白皮
predictions400.csv,23,1,0.96117336,当药 莲子
predictions400.csv,31,1,0.81480306,麻黄根 远志
predictions400.csv,84,1,0.90315145,决明子 夏枯草
predictions400.csv,97,1,0.95621204,积雪草 肿节风
predictions401.csv,60,1,0.870109,地榆 茵陈
predictions401.csv,80,1,0.86784095,连钱草 鱼腥草
predictions403.csv,44,1,0.85215104,红景天 灵芝
predictions403.csv,46,1,0.9396989,浮萍 紫花地丁
predictions404.csv,36,1,0.8616232,地榆 独一味
predictions404.csv,39,1,0.93523824,升麻 紫花地丁
predictions405.csv,30,1,0.8566051,八角茴香 郁李仁
predictions405.csv,58,1,0.91276324,侧柏叶 连钱草
predictions405.csv,73,1,0.82427555,巴戟天 焦栀子
predictions406.csv,90,1,0.9691526,天冬 茵陈
predictions407.csv,5,1,0.93322194,连钱草 芦荟
predictions407.csv,80,1,0.93051267,巴戟天 延胡索
predictions408.csv,33,1,0.91357565,冬瓜皮 浮萍
predictions408.csv,38,1,0.8236812,槟榔 独一味
predictions408.csv,72,1,0.991927,灯心草 柿蒂
predictions408.csv,85,1,0.86432505,大蓟 络石藤
predictions409.csv,27,1,0.9825215,麦芽 蛇床子
predictions409.csv,53,1,0.8969919,黄芩 亚麻子
predictions411.csv,10,1,0.9754823,木瓜 山豆根
predictions411.csv,40,1,0.87921435,安息香 木蝴蝶
predictions411.csv,62,1,0.92505044,当归 吴茱萸
predictions411.csv,66,1,0.9195867,川牛膝 丁香
predictions412.csv,14,1,0.9841801,肉苁蓉 夏天无
predictions412.csv,44,1,0.96421325,北刘寄奴 枳壳
predictions412.csv,74,1,0.84230065,灯心草 仙鹤草
predictions413.csv,3,1,0.87653023,甘草 满山红
predictions413.csv,34,1,0.9255257,麦芽 山慈菇
predictions414.csv,2,1,0.96179914,白鲜皮 救必应
predictions414.csv,54,1,0.80951476,巴豆霜 水飞蓟
predictions414.csv,63,1,0.80951476,柴胡 柿蒂
predictions416.csv,27,1,0.8126452,甘遂 黄芩
predictions417.csv,56,1,0.83905506,沉香 明党参
predictions418.csv,66,1,0.90527916,金钱草 石斛
predictions418.csv,68,1,0.9619167,地榆 山药
predictions419.csv,46,1,0.92493886,艾叶 秦艽
predictions421.csv,57,1,0.93046045,豆蔻 桑白皮
predictions421.csv,69,1,0.93046045,络石藤 罂粟壳
predictions421.csv,71,1,0.8966904,牵牛子 益母草
predictions421.csv,85,1,0.8267721,甘遂 榼藤子
predictions421.csv,87,1,0.88919425,辣椒 南鹤虱
predictions422.csv,51,1,0.8224345,刺五加 当药
predictions422.csv,92,1,0.8316578,满山红 野木瓜
predictions423.csv,61,1,0.90516937,淫羊藿 鱼腥草
predictions425.csv,88,1,0.8121165,海藻 土木香
predictions426.csv,4,1,0.9530029,佩兰 檀香
predictions426.csv,36,1,0.84138983,密蒙花 鸭跖草
predictions426.csv,44,1,0.87550086,杠板归 海金沙
predictions427.csv,42,1,0.92030454,木通 天冬
predictions427.csv,44,1,0.8856521,姜黄 千金子
predictions427.csv,59,1,0.80432856,桑叶 石菖蒲
predictions427.csv,98,1,0.93370706,安息香 八角茴香
predictions428.csv,81,1,0.98518026,陈皮 薏苡仁
predictions428.csv,99,1,0.9592978,板蓝根 秦艽
predictions429.csv,28,1,0.97569615,路路通 土茯苓
predictions429.csv,98,1,0.9788791,白蔹 青风藤
predictions430.csv,42,1,0.8671335,马齿苋 南五味子
predictions430.csv,61,1,0.85503715,独活 茵陈
predictions430.csv,74,1,0.8732282,三七 石韦
predictions431.csv,59,1,0.90245783,马钱子 檀香
predictions432.csv,55,1,0.9706372,青风藤 延胡索
predictions433.csv,29,1,0.8514588,柏子仁 牡丹皮
predictions434.csv,19,1,0.93256533,石菖蒲 棕榈
predictions434.csv,44,1,0.95125836,柏子仁 化橘红
predictions436.csv,25,1,0.85639656,穿心莲 海风藤
predictions436.csv,58,1,0.8964963,红参 泽兰
predictions437.csv,99,1,0.9634512,大黄 五味子
predictions438.csv,26,1,0.9615194,骨碎补 凌霄花
predictions440.csv,45,1,0.8256075,苦参 知母
predictions440.csv,66,1,0.8034795,瓜蒌 徐长卿
predictions443.csv,17,1,0.8463552,甘草 黄芩
predictions443.csv,76,1,0.93282014,半枝莲 红景天
predictions445.csv,4,1,0.86481994,杜仲 山豆根
predictions446.csv,43,1,0.9523441,黄蜀葵花 连钱草
predictions446.csv,91,1,0.8059639,半夏 桂枝
predictions448.csv,33,1,0.940362,马齿苋 吴茱萸
predictions449.csv,43,1,0.96400505,百合 鸡血藤
predictions450.csv,3,1,0.85363805,白蔹 老鹳草
predictions450.csv,57,1,0.95136935,灵芝 土茯苓
predictions452.csv,31,1,0.93281174,桔梗 马勃
predictions452.csv,49,1,0.8708518,羌活 青葙子
predictions453.csv,73,1,0.8755699,草豆蔻 大血藤
predictions455.csv,13,1,0.9420839,半夏 旋覆花
predictions456.csv,59,1,0.8130027,荷叶 桑白皮
predictions457.csv,52,1,0.9487305,芦荟 五加皮
predictions457.csv,65,1,0.88109577,苍耳子 桑叶
predictions461.csv,20,1,0.80147624,羌活 石韦
predictions461.csv,76,1,0.9415329,杜仲 亚麻子
predictions462.csv,8,1,0.91205424,青葙子 小蓟
predictions462.csv,33,1,0.9883571,鸭跖草 皂角刺
predictions462.csv,48,1,0.93040335,巴戟天 杜仲
predictions462.csv,57,1,0.89275306,白附子 小茴香
predictions462.csv,69,1,0.9764923,筋骨草 淫羊藿
predictions463.csv,11,1,0.9040851,荷叶 黄柏
predictions463.csv,16,1,0.90777767,金银花 榼藤子
predictions463.csv,26,1,0.86172926,番泻叶 金银花
predictions463.csv,51,1,0.9149958,千金子 辛夷
predictions465.csv,21,1,0.97759616,杜仲 益母草
predictions466.csv,28,1,0.8279382,北沙参 肉桂
predictions466.csv,77,1,0.8578744,当归 小茴香
predictions467.csv,0,1,0.9409501,枸杞子 牡丹皮
predictions467.csv,51,1,0.96820515,蜘蛛香 紫苏梗
predictions468.csv,31,1,0.8246508,荷叶 莲子
predictions469.csv,63,1,0.97006816,百部 黄山药
predictions470.csv,13,1,0.93648005,菟丝子 紫花地丁
predictions470.csv,97,1,0.91969764,胡黄连 明党参
predictions471.csv,3,1,0.8742946,车前草 罂粟壳
predictions472.csv,38,1,0.92790693,肉苁蓉 银柴胡
predictions473.csv,55,1,0.913119,当药 龙眼肉
predictions474.csv,63,1,0.8156394,太子参 檀香
predictions475.csv,47,1,0.98228973,白薇 桑白皮
predictions475.csv,72,1,0.8050733,苦玄参 麻黄根
predictions476.csv,24,1,0.8630542,苍术 香附
predictions477.csv,47,1,0.8293203,佛手 桑叶
predictions477.csv,86,1,0.80707884,葶苈子 栀子
predictions478.csv,95,1,0.9831708,鸡血藤 香附
predictions479.csv,25,1,0.87712723,大枣 牛蒡子
predictions479.csv,84,1,0.8002926,三七 葶苈子
predictions480.csv,90,1,0.8146271,穿心莲 木瓜
predictions482.csv,46,1,0.9302155,砂仁 生姜
predictions482.csv,57,1,0.9023499,灯心草 五加皮
predictions482.csv,85,1,0.8090608,大蒜 独活
predictions482.csv,89,1,0.8662493,小蓟 淫羊藿
predictions482.csv,98,1,0.8662493,白及 合欢花
predictions483.csv,4,1,0.8567129,苦参 人参叶
predictions483.csv,8,1,0.9008879,川芎 何首乌
predictions483.csv,15,1,0.8496677,刀豆 麦芽
predictions483.csv,18,1,0.8567129,决明子 紫菀
predictions483.csv,78,1,0.9992938,牛膝 知母
predictions484.csv,2,1,0.8247964,木蝴蝶 山楂
predictions484.csv,14,1,0.8247964,狼毒 青风藤
predictions484.csv,43,1,0.8930553,夏天无 小蓟
predictions484.csv,75,1,0.9357654,侧柏叶 西洋参
predictions485.csv,64,1,0.9146898,川乌 野菊花
predictions485.csv,82,1,0.9292822,莲子心 一枝黄花
predictions485.csv,85,1,0.9378088,广藿香 木瓜
predictions486.csv,93,1,0.84903675,甘遂 石斛
predictions487.csv,92,1,0.99707067,穿山龙 红景天
predictions489.csv,55,1,0.81308836,黄柏 人参叶
predictions489.csv,69,1,0.9852593,藕节 泽兰
predictions490.csv,76,1,0.8969852,急性子 皂角刺
predictions491.csv,43,1,0.85885084,冬瓜皮 芥子
predictions491.csv,45,1,0.85885084,地肤子 黄精
predictions492.csv,6,1,0.81384134,海金沙 葶苈子
predictions492.csv,30,1,0.80980575,龙眼肉 三七
predictions493.csv,50,1,0.9448312,化橘红 老鹳草
predictions494.csv,11,1,0.8683477,干姜 千里光
predictions495.csv,92,1,0.80827886,海金沙 小蓟
predictions497.csv,0,1,0.80693895,荜澄茄 骨碎补
predictions499.csv,7,1,0.93033385,甘遂 鸡骨草
predictions499.csv,9,1,0.9510966,干姜 苦地丁
predictions499.csv,42,1,0.93033385,侧柏叶 闹羊花
predictions500.csv,33,1,0.97838485,麦芽 女贞子
predictions500.csv,56,1,0.86600345,麦芽 郁金
predictions500.csv,89,1,0.9634866,安息香 红景天
predictions501.csv,57,1,0.977106,杠板归 橘核
predictions501.csv,82,1,0.9317508,干姜 玄参
predictions502.csv,82,1,0.92181605,薄荷 川楝子
predictions503.csv,76,1,0.95702976,黄芩 橘核
predictions503.csv,78,1,0.8459845,金樱子 人参叶
predictions504.csv,32,1,0.90839547,焦栀子 马钱子
predictions504.csv,69,1,0.8555933,萹蓄 川乌
predictions505.csv,28,1,0.9793697,巴豆 常山
predictions505.csv,69,1,0.8822272,肉桂 益母草
predictions505.csv,86,1,0.80037326,草果 肿节风
predictions506.csv,46,1,0.9403211,丹参 五加皮
predictions506.csv,54,1,0.90450174,射干 茵陈
predictions506.csv,69,1,0.83119214,北刘寄奴 胡黄连
predictions506.csv,78,1,0.98083556,四季青 天竺黄
predictions507.csv,79,1,0.8033842,土木香 夏天无
predictions508.csv,64,1,0.85431343,小茴香 枳壳
predictions511.csv,3,1,0.906643,垂盆草 郁李仁
predictions511.csv,80,1,0.8100308,枸杞子 款冬花
predictions512.csv,84,1,0.9101144,水飞蓟 竹茹
predictions513.csv,58,1,0.8819954,化橘红 黄蜀葵花
predictions514.csv,56,1,0.99342525,三七 益智
predictions515.csv,36,1,0.82317907,川楝子 佛手
predictions517.csv,5,1,0.99582314,冬凌草 明党参
predictions517.csv,15,1,0.839421,四季青 亚麻子
predictions517.csv,23,1,0.9322624,鹅不食草 马勃
predictions517.csv,96,1,0.839421,人参 肉桂
predictions518.csv,20,1,0.8648968,藁本 生姜
predictions518.csv,34,1,0.8636456,苦杏仁 龙胆
predictions518.csv,78,1,0.8286172,山豆根 徐长卿
predictions518.csv,96,1,0.8648968,荷叶 红参
predictions519.csv,47,1,0.94032115,大枣 土茯苓
predictions519.csv,98,1,0.8931604,沉香 浮萍
predictions520.csv,19,1,0.8146594,白芍 豆蔻
predictions521.csv,4,1,0.8149981,党参 羌活
predictions521.csv,23,1,0.85202587,白前 槐角
predictions521.csv,57,1,0.9287859,焦栀子 麻黄根
predictions521.csv,66,1,0.85202587,丹参 苦参
predictions521.csv,74,1,0.8082418,连钱草 蔓荆子
predictions521.csv,80,1,0.9287859,威灵仙 细辛
predictions521.csv,90,1,0.83699024,姜黄 鹿衔草
predictions521.csv,93,1,0.8287423,赤芍 胡椒
predictions522.csv,25,1,0.97895586,狼毒 密蒙花
predictions523.csv,6,1,0.87846386,萹蓄 天花粉
predictions523.csv,97,1,0.92532504,沉香 川木通
predictions524.csv,56,1,0.85565764,降香 金沸草
predictions524.csv,65,1,0.84991705,防风 合欢皮
predictions524.csv,82,1,0.9914624,防风 三白草
predictions524.csv,97,1,0.9770885,地榆 金果榄
predictions525.csv,86,1,0.992774,独一味 罂粟壳
predictions525.csv,97,1,0.8220171,甘遂 莲子心
predictions526.csv,54,1,0.86282784,苦木 青蒿
predictions527.csv,0,1,0.8777224,淡竹叶 槲寄生
predictions527.csv,32,1,0.97309285,海风藤 天麻
predictions527.csv,91,1,0.94884956,苦地丁 旋覆花
predictions528.csv,43,1,0.8157571,黄芩 苦参
predictions529.csv,80,1,0.90976715,白芍 莪术
predictions529.csv,94,1,0.90976715,胡椒 苦参
predictions530.csv,8,1,0.8498139,秦艽 柿蒂
predictions530.csv,70,1,0.95484346,荜澄茄 枳壳
predictions530.csv,72,1,0.8498139,白薇 鸦胆子
predictions531.csv,3,1,0.9330878,白术 紫花地丁
predictions531.csv,52,1,0.9866318,白薇 木通
predictions531.csv,78,1,0.8189201,半枝莲 血竭
predictions531.csv,81,1,0.8506179,姜黄 蔓荆子
predictions532.csv,14,1,0.82108665,莪术 苦木
predictions534.csv,11,1,0.81236935,延胡索 郁李仁
predictions534.csv,41,1,0.9155882,莱菔子 远志
predictions535.csv,4,1,0.9513484,海藻 薏苡仁
predictions535.csv,5,1,0.87615854,半枝莲 罂粟壳
predictions535.csv,42,1,0.91543293,商陆 紫苏叶
predictions535.csv,64,1,0.894049,大黄 天南星
predictions535.csv,95,1,0.83740455,娑罗子 小蓟
predictions536.csv,99,1,0.8245423,北刘寄奴 紫菀
predictions538.csv,33,1,0.88612837,番泻叶 女贞子
predictions539.csv,22,1,0.8971278,柴胡 辣椒
predictions540.csv,65,1,0.835993,独一味 香薷
predictions541.csv,56,1,0.81503266,苍术 桔梗
predictions542.csv,10,1,0.9842667,乌药 一枝黄花
predictions542.csv,53,1,0.9694437,八角茴香 大蒜
predictions542.csv,71,1,0.932558,锁阳 香加皮
predictions542.csv,83,1,0.9783301,虎杖 芥子
predictions542.csv,96,1,0.8587297,巴豆 太子参
predictions543.csv,40,1,0.92852515,苍术 明党参
predictions543.csv,60,1,0.82565975,当药 胖大海
predictions544.csv,3,1,0.99454206,百部 黄柏
predictions545.csv,51,1,0.9490125,杜仲 娑罗子
predictions546.csv,9,1,0.9923103,芥子 土荆皮
predictions546.csv,76,1,0.912243,草果 木瓜
predictions547.csv,83,1,0.85207444,黄连 三白草
predictions548.csv,4,1,0.98689306,老鹳草 玉竹
predictions548.csv,31,1,0.8147719,谷精草 蒲黄
predictions550.csv,36,1,0.8113659,北沙参 威灵仙
predictions550.csv,62,1,0.83564365,薄荷 生姜
predictions550.csv,69,1,0.83564365,淡竹叶 冬凌草
predictions550.csv,75,1,0.87710035,人参 延胡索
predictions551.csv,11,1,0.9329612,百合 荜茇
predictions551.csv,68,1,0.92981887,麦芽 青叶胆
predictions552.csv,49,1,0.9674732,菊花 苦玄参
predictions553.csv,48,1,0.853322,青叶胆 射干
predictions553.csv,68,1,0.9324753,麻黄 使君子
predictions555.csv,80,1,0.92846406,白薇 萹蓄
predictions556.csv,6,1,0.8873796,积雪草 连翘
predictions556.csv,16,1,0.86237776,萹蓄 天麻
predictions556.csv,40,1,0.8586096,川乌 紫菀
predictions556.csv,43,1,0.9527772,白头翁 五加皮
predictions557.csv,83,1,0.8547487,小蓟 一枝黄花
predictions558.csv,57,1,0.8825441,黄山药 檀香
predictions559.csv,9,1,0.9943012,焦栀子 牛膝
predictions559.csv,62,1,0.939504,海金沙 鸡骨草
predictions560.csv,26,1,0.8940224,南鹤虱 桑白皮
predictions560.csv,45,1,0.9707699,蓖麻子 三颗针
predictions560.csv,56,1,0.87620384,胡椒 蔓荆子
predictions561.csv,7,1,0.96259075,川芎 商陆
predictions561.csv,52,1,0.99785835,香薷 浙贝母
predictions562.csv,12,1,0.9353336,防风 瓜蒌
predictions562.csv,65,1,0.85818636,金铁锁 罂粟壳
predictions562.csv,86,1,0.9324249,救必应 香薷
predictions563.csv,83,1,0.97683614,白芍 益母草
predictions564.csv,2,1,0.82758,蒺藜 香加皮
predictions564.csv,16,1,0.9943507,丹参 甘遂
predictions564.csv,39,1,0.83986723,佛手 拳参
predictions564.csv,84,1,0.90035623,佩兰 三棱
predictions565.csv,47,1,0.90046656,苦参 桃仁
predictions565.csv,82,1,0.850285,桂枝 天竺黄
predictions566.csv,42,1,0.8553845,三颗针 皂角刺
predictions566.csv,63,1,0.8003122,胡黄连 栀子
predictions566.csv,71,1,0.81479967,天竺黄 王不留行
predictions566.csv,89,1,0.854231,红参 夏枯草
predictions567.csv,32,1,0.8400244,人参 人参叶
predictions567.csv,56,1,0.9699256,榼藤子 满山红
predictions567.csv,60,1,0.9529213,甘松 山柰
predictions567.csv,61,1,0.8997393,荆芥 明党参
predictions567.csv,66,1,0.8516355,荷叶 黑豆
predictions567.csv,74,1,0.99000555,柴胡 鱼腥草
predictions568.csv,32,1,0.8179298,北刘寄奴 葛根
predictions569.csv,18,1,0.8480517,番泻叶 小茴香
predictions570.csv,30,1,0.9627568,白头翁 杜仲
predictions570.csv,35,1,0.95695674,柴胡 广藿香
predictions570.csv,86,1,0.9693356,独一味 合欢花
predictions570.csv,90,1,0.92773706,鹅不食草 桃仁
predictions571.csv,60,1,0.9344753,半枝莲 筋骨草
predictions572.csv,13,1,0.9333989,筋骨草 肿节风
predictions572.csv,30,1,0.9293193,川乌 苦杏仁
predictions573.csv,45,1,0.933896,秦艽 紫菀
predictions574.csv,18,1,0.9083695,明党参 王不留行
predictions574.csv,53,1,0.96649486,巴豆霜 黄蜀葵花
predictions575.csv,20,1,0.8134613,浮萍 厚朴
predictions575.csv,79,1,0.9261872,卷柏 牡丹皮
predictions576.csv,22,1,0.98022276,杜仲 马勃
predictions576.csv,42,1,0.9218289,覆盆子 泽兰
predictions577.csv,16,1,0.8901348,九里香 棕榈
predictions577.csv,77,1,0.8681554,草乌 冬凌草
predictions577.csv,86,1,0.86760134,半枝莲 海风藤
predictions579.csv,11,1,0.9842078,鹿衔草 棕榈
predictions579.csv,20,1,0.80948365,厚朴 生地黄
predictions579.csv,67,1,0.80948365,南五味子 太子参
predictions579.csv,98,1,0.8209627,火麻仁 鸡血藤
predictions580.csv,26,1,0.86462337,艾叶 棕榈
predictions580.csv,92,1,0.97770876,骨碎补 紫草
predictions581.csv,10,1,0.9380106,刀豆 藁本
predictions581.csv,76,1,0.9380106,密蒙花 青蒿
predictions582.csv,81,1,0.96066487,车前草 陈皮
predictions583.csv,36,1,0.8092879,蓖麻子 黄芪
predictions583.csv,84,1,0.8246731,商陆 益智
predictions584.csv,63,1,0.87941265,川芎 胡椒
predictions585.csv,24,1,0.8244055,莪术 茜草
predictions585.csv,75,1,0.80494094,莲子 山茱萸
predictions585.csv,92,1,0.8457649,凌霄花 天竺黄
predictions586.csv,62,1,0.8218239,菊花 三棱
predictions586.csv,94,1,0.8270976,大黄 木香
predictions586.csv,96,1,0.85978717,牛蒡子 前胡
predictions592.csv,98,1,0.9990283,酸枣仁 香橼
predictions593.csv,89,1,0.89782387,川木通 血竭
predictions594.csv,17,1,0.9829485,刺五加 玉竹
predictions594.csv,87,1,0.85075605,半枝莲 厚朴
predictions595.csv,1,1,0.8104076,白头翁 黄连
predictions595.csv,50,1,0.9823009,鸡冠花 鹿衔草
predictions596.csv,0,1,0.94856745,北沙参 灯心草
predictions596.csv,36,1,0.91063714,八角茴香 金铁锁
predictions596.csv,56,1,0.94856745,垂盆草 防风
predictions597.csv,34,1,0.9683696,黄芩 金樱子
predictions598.csv,35,1,0.9854976,西洋参 茵陈
predictions598.csv,45,1,0.9037181,穿心莲 蔓荆子
predictions598.csv,88,1,0.9037181,瓜蒌 一枝黄花
predictions599.csv,19,1,0.8490914,八角茴香 三白草
predictions599.csv,67,1,0.9308437,金铁锁 墨旱莲
predictions600.csv,4,1,0.88400537,苦地丁 紫花地丁
predictions600.csv,19,1,0.99229324,细辛 夏天无
predictions600.csv,22,1,0.81407946,芦荟 三白草
predictions601.csv,72,1,0.83201945,厚朴 苦楝皮
predictions602.csv,10,1,0.9228325,黄连 薏苡仁
predictions602.csv,29,1,0.9220558,黄连 珠子参
predictions602.csv,50,1,0.92241263,垂盆草 肉豆蔻
predictions604.csv,13,1,0.9731401,苍术 黄蜀葵花
predictions604.csv,88,1,0.9295873,海风藤 旋覆花
predictions605.csv,5,1,0.9550001,合欢皮 天麻
predictions605.csv,54,1,0.8353322,白扁豆 芦根
predictions605.csv,97,1,0.82351565,佛手 苦玄参
predictions606.csv,2,1,0.95883864,苍耳子 千金子
predictions607.csv,48,1,0.9037562,白茅根 淫羊藿
predictions609.csv,0,1,0.88553077,红景天 龙眼肉
predictions609.csv,69,1,0.9446679,荜茇 葶苈子
predictions613.csv,16,1,0.9553741,白及 胡黄连
predictions614.csv,81,1,0.8684687,密蒙花 砂仁
predictions616.csv,1,1,0.85131717,巴豆霜 芫花
predictions616.csv,14,1,0.9107679,红景天 荆芥
predictions616.csv,65,1,0.9713797,丁公藤 莱菔子
predictions617.csv,17,1,0.9489485,急性子 小蓟
predictions617.csv,57,1,0.9661388,小蓟 鱼腥草
predictions617.csv,84,1,0.9321205,赤芍 苦参
predictions618.csv,54,1,0.892233,佩兰 土荆皮
predictions619.csv,50,1,0.8186364,常山 苦玄参
predictions619.csv,54,1,0.83485746,百部 赤芍
predictions620.csv,38,1,0.9387505,芥子 锁阳
predictions621.csv,45,1,0.95197016,白薇 常山
predictions623.csv,28,1,0.98340225,何首乌 银柴胡
predictions623.csv,30,1,0.86957526,大青叶 石菖蒲
predictions624.csv,27,1,0.8896578,三棱 薤白
predictions624.csv,58,1,0.950244,连翘 天竺黄
predictions625.csv,22,1,0.9954122,苍耳子 续断
predictions625.csv,42,1,0.952941,番泻叶 麻黄
predictions625.csv,92,1,0.917753,赤芍 大蓟
predictions626.csv,65,1,0.9636138,萹蓄 小茴香
predictions627.csv,80,1,0.85119873,萹蓄 佛手
predictions628.csv,7,1,0.805982,密蒙花 升麻
predictions628.csv,48,1,0.83107746,甘遂 泽兰
predictions629.csv,6,1,0.82938445,路路通 玉竹
predictions630.csv,24,1,0.9324718,柏子仁 黄连
predictions631.csv,52,1,0.8492342,丹参 青叶胆
predictions632.csv,30,1,0.93000335,荜茇 柴胡
predictions633.csv,21,1,0.9866187,丹参 款冬花
predictions633.csv,28,1,0.86895126,蒺藜 鱼腥草
predictions633.csv,35,1,0.8223345,红花 金果榄
predictions633.csv,69,1,0.84052014,白术 玫瑰花
predictions633.csv,76,1,0.80169487,穿山龙 苦杏仁
predictions634.csv,5,1,0.9867822,白蔹 川牛膝
predictions634.csv,48,1,0.9602832,垂盆草 浮萍
predictions634.csv,73,1,0.8256792,草果 青蒿
predictions635.csv,37,1,0.98660547,金果榄 知母
predictions635.csv,44,1,0.86892915,荷叶 商陆
predictions635.csv,48,1,0.9928651,刺五加 桑白皮
predictions635.csv,58,1,0.9250601,草豆蔻 夏枯草
predictions635.csv,98,1,0.9426815,蒺藜 墨旱莲
predictions636.csv,7,1,0.911007,白茅根 菟丝子
predictions636.csv,23,1,0.9027111,地榆 木贼
predictions636.csv,41,1,0.83510983,当药 三白草
predictions638.csv,16,1,0.8727289,巴豆霜 浮萍
predictions638.csv,36,1,0.86052024,萹蓄 苦杏仁
predictions638.csv,64,1,0.8727289,大叶紫珠 木蝴蝶
predictions639.csv,9,1,0.94942653,天竺黄 延胡索
predictions639.csv,26,1,0.9610313,桃仁 浙贝母
predictions639.csv,55,1,0.94756466,拳参 泽兰
predictions639.csv,84,1,0.8452811,苍术 灵芝
predictions640.csv,4,1,0.9150263,墨旱莲 前胡
predictions640.csv,32,1,0.80428606,小蓟 芫花
predictions640.csv,48,1,0.9517821,北沙参 大黄
predictions640.csv,61,1,0.9795908,白薇 牡荆叶
predictions640.csv,99,1,0.82661575,冬凌草 莲子心
predictions642.csv,71,1,0.9040934,苍耳子 马齿苋
predictions642.csv,75,1,0.88981885,茯苓 青叶胆
